{"numberOfCommunities": 364, "numberOfCommunitiesToN": 0.009655172413793104, "nodes": {"average": 103.57142857142857, "max": 13972, "min": 2, "sd": 1034.2008281811736, "median": 3.0, "fq": 2.0, "sq": 3.0, "tq": 5.0}, "edges": {"average": 583.1538461538462, "max": 109267, "min": 1, "sd": 6962.9158891046145, "median": 2.0, "fq": 1.0, "sq": 2.0, "tq": 4.0}}